 ,RegDate,first_Name,last_Name,Email_Address,HomePhone,Street,City,State,Zipcode
766,1/14/09 23:31,Alex,Garrett,taistin.sullivan@jumpstartlab.com,9084777000,XXXXX,College Park,MD,20742
937,1/19/09 20:24,Alex,Krumholz,dgacyjamesrossi5@jumpstartlab.com,3523280000,"512 SW 34th Street, #7",Gainesville,FL,32607
942,1/19/09 20:54,Alex,Gilmore,deffrey.hunt@jumpstartlab.com,4404794000,12456 GSS,Durham,NH,03824
987,1/20/09 15:35,Alex,Combs,lwylor.mollye@jumpstartlab.com,8022996000,50 college st,South Hadley,MA,01075
1121,1/20/09 22:22,Alex,Cornelius,mbdanguyca@jumpstartlab.com,9412661000,5820 Keystone Rd,Pensacola,FL,32504
1163,1/20/09 22:59,Alex,Bushman,ceffrey@jumpstartlab.com,7402742000,26 West Stimson Avenue #8,Athens,OH,45701
1470,1/21/09 16:43,Alex,Arginteanu,jk322906@jumpstartlab.com,4103534000,28 Westhampton Way,University of Richmond,VA,23173
1937,1/21/09 22:02,Alex,Severson,rup08@jumpstartlab.com,5037583000,340 NW 26th St,Corvallis,OR,97330
1966,1/21/09 22:13,Alex,Boozel,jyhiang@jumpstartlab.com,8015505000,220 A Street,Salt Lake City,UT,84103
2020,1/21/09 22:27,Alex,Diaz,ybchael.ravier@jumpstartlab.com,5852011000,Frist,Princeton,NJ,08544
2122,1/21/09 22:48,Alex,Roper,ntwren@jumpstartlab.com,8027341000,Frist,Princeton,NJ,08544
2203,1/21/09 23:06,Alex,Xx,gkole.keith@jumpstartlab.com,4029904000,2 K St,Omaha,NE,29079
2218,1/21/09 23:11,Alex,Holt,ckbbott@jumpstartlab.com,7579713000,510 E. 7th Ave.,Tallahassee,FL,32303
2449,1/22/09 0:23,Alex,Teschauer,rrart88@jumpstartlab.com,6172908000,25 Saint Laurent Drive,Hudson,NH,03051
2487,1/22/09 0:40,Alex,Stark,ruowsz@jumpstartlab.com,3132208000,601 Summit Apt #12,Marquette,MI,49855
2564,1/22/09 21:04,Alex,Donnellan,laa.dickson@jumpstartlab.com,7329771000,885 Wright Debow Rd,Jackson,NJ,08527
2820,1/28/09 20:37,Alex,Lavaque,edoonan@jumpstartlab.com,7017403000,2309 S 12th St. APT 2,Grand Forks,ND,58201
2866,1/29/09 14:23,Alex,Flint,loankam7@jumpstartlab.com,8459887000,5032 Forbes Ave,Pittsburgh,PA,15213
3042,1/30/09 11:47,Alex,Watson,botukoya@jumpstartlab.com,5139674000,7338 Osceola,Cincinnait,OH,45243
3045,1/30/09 11:55,Alex,Brandenburg,obll30@jumpstartlab.com,3028587000,1501 Lakeside Dr,Lynchburg,VA,24501
3070,1/30/09 12:23,Alex,Zhou,tyatch@jumpstartlab.com,8455427000,735 Anderson Hill Rd.,Purchase,NY,10577
3193,1/30/09 15:06,Alex,Tsukano,vmeyers@jumpstartlab.com,2023166000,4576 Middlebury College,Middlebury,VT,05753
3265,1/30/09 16:32,Alex,Litt,xsignore@jumpstartlab.com,9199150000,217 Gardner Street,Raleigh,NC,27607
3279,1/30/09 16:53,Alex,Heath,qytyjbriggs@jumpstartlab.com,8655851000,512 E. Watauga Avenue,Johnson City,TN,37694
3424,1/30/09 20:57,Alex,Bedell-Stiles,celandruccio@jumpstartlab.com,2134224000,4925 roosevelt st,hollywood,FL,33021
3987,2/1/09 7:10,Alex,Heyward,raot80@jumpstartlab.com,7348877000,213 W. Liberty Suite 200,Ann Arbor,MI,48104
4172,2/1/09 16:08,Alex,Eight,hvippincott09@jumpstartlab.com,6177212000,28 state st. apt 2,portland,ME,04101
4292,2/1/09 17:58,Alex,Peery,jeekse@jumpstartlab.com,7659732000,801 National Road West,Richmond,IN,47374
4621,2/1/09 21:24,Alex,Den Herder-Thomas,ooivkovi@jumpstartlab.com,2088742000,"21 Wellesley College Rd., Unit 3820",Wellesley,MA,02481
4817,2/1/09 22:50,Alex,Doe,ahg86@jumpstartlab.com,8022874000,3 College Circle,POultney,VT,05764
4925,2/1/09 23:31,Alex,Pickard,lwpratt@jumpstartlab.com,5188109000,10 MacVittie Circle,Geneseo,NY,14454
4944,2/1/09 23:35,Alex,Miller,lxephanie.a.shea@jumpstartlab.com,5132313000,"HWCC Box 2105,  OWU",Delaware,OH,43015
